OBJECTID,ID,Waterfall Name,Alternate Name,Municipality,County,Waterfall Type 1,Waterfall Type 2,Approximate Height (ft),Approximate Height 2 (ft),Access,Comments,Measurement,Date Measured,Stream Name,NJSPC83 Easting (X),NJSPC83 Northing (Y),GlobalID,x,y
1,27,Allamuchy Falls,,Byram Twp.,Sussex,Cascade, ,9.68,7,Public,"Located in Allamuchy Mountain State Park, this waterfall is easy to find.  From Waterloo Road, follow the Sussex Branch trail, an abandoned railroad bed, for under a mile to the falls.",Trimble rangefinder,5/9/2019 12:00:00 AM,Jefferson Lake Tributary,426335.368,764606.933,bbbf0c68-16aa-4d81-8db9-976f1e3e905c,426335.367977008,764606.93295186
2,109,Apshawa Falls,,West Milford Twp.,Passaic,Cascade, ,8.5,8.5,Public,Located in Apshawa Preserve on Apshawa Creek. Its a few miles from the parking area for Apshawa Preserve.,Estimate,5/24/2023 12:00:00 AM,Apshawa Creek,524366.923,796009.519,f469f397-9cfc-4148-a768-f0ec8fc2cc12,524366.92289776,796009.519096687
3,118,Bear Swamp Brook Falls Lower,,Mahwah Twp.,Bergen,Cascade, ,15,15,Public,"This falls slides over a big rounded ledge of gneiss into a shallow pool. The falls is up Bear Swamp Road, a private road about one mile from U.S. Route 202.",Literature search,5/25/2023 12:00:00 AM,Bear Swamp Brook,569200.226,817439.079,c49b73cb-3293-453f-88c3-b04da0ff5698,569200.22594751,817439.078927778
4,117,Bear Swamp Brook Falls Upper,,Mahwah Twp.,Bergen,Cascade, ,12,12,Public,"The falls are up Bear Swamp Road, a private road about one mile from U.S. Route 202.",Literature search,5/25/2023 12:00:00 AM,Bear Swamp Brook,568961.724,817709.178,7b7f8a6a-fea4-40c0-91b5-bf6a5560d1c4,568961.724127926,817709.178125106
5,108,Bear Swamp Brook Unnamed Falls,,Mahwah Twp.,Bergen,Cascade, ,5.3,5.3,Public,"The falls are up Bear Swamp Road, a private road about one mile from U.S. Route 202.",Trimble rangefinder,5/25/2023 12:00:00 AM,Bear Swamp Brook,569465.79,817181.169,86b3ee23-1f31-4d85-a28e-2ba6e3b12f62,569465.790048927,817181.169010527
6,28,Big Tocks Creek Falls,,Hardwick Twp.,Warren,Cascade, ,35.6,35.6,Public,Small waterfall along Old Mine Rd. across from Tocks Island.,Trimble rangefinder,8/2/2018 12:00:00 AM,Big Tocks Creek,336329.36,796744.563,2b0dbeb6-737b-4178-a436-06782f058f76,336329.359997258,796744.56290219
7,116,Black River Park Falls 1,,Chester Twp.,Morris,Cascade, ,4,4,Public,Small waterfall along the Black River in Black River Park.,Estimate,9/10/2021 12:00:00 AM,Black River,431803.931,702634.345,348f50e9-aaa4-41f5-b45d-bffd44d8f9e6,431803.930858761,702634.344955027
8,115,Black River Park Falls 2,,Chester Twp.,Morris,Cascade, ,16,16,Public,Large waterfall along the Black River in Black River Park.,Estimate,9/10/2021 12:00:00 AM,Black River,431760.528,703016.289,78f7b410-02a0-4686-a81a-4cd2ad291855,431760.528058425,703016.289073028
9,80,Blue Brook Waterfall,,Scotch Plains Twp.,Union,Multi-step waterfall,Cascade,5.31,3.24,Public,Located just off of the Sierra Trail on Blue Brook in the Watchung Reservation. A short hike down the trail from Seeley's Pond is a small but picturesque waterfall cascading over the basalt.,Trimble rangefinder,10/8/2021 12:00:00 AM,Blue Mine Brook,519207.362,667178.593,0816499f-b632-4645-9dc4-e2b23dfc7542,519207.362022676,667178.593032025
10,29,Blue Mine Brook Falls,,Ringwood Borough,Passaic,Cascade, ,11.4,11.4,Public,Scenic waterfall next to the Highlands natural pool swimming area.,Trimble rangefinder,9/24/2021 12:00:00 AM,Blue Mine Brook,540014.944,814306.208,750a608a-8b6d-4159-8a11-8392f0db3c38,540014.944095094,814306.20789694
11,30,Blue Mine Brook Falls  2,,Ringwood Borough,Passaic,Cascade, ,8.14,8.14,Public,Small waterfall a few hundred feet upstream of the Highlands Natural Pool.,Trimble rangefinder,9/24/2021 12:00:00 AM,Blue Mine Brook,539996.529,814160.563,f8b0449e-06a2-4271-ad42-731b8845ccc5,539996.529105674,814160.562847026
12,31,Boonton Falls,,Boonton,Morris,Cascade, ,36,32,Public,"Located in Grace Lord Park, Boonton. Length calculated for two cascades in close proximity. Upper main cascade was 36 feet.",Trimble rangefinder,8/15/2017 12:00:00 AM,Rockaway River,514939.807,755490.534,5473096b-f089-4d6a-abe4-c1526fa45ef7,514939.806909509,755490.533861861
13,32,Bridal Veil Falls,Buttermilk Falls,North Haledon Borough,Passaic,Plunge, ,38.6,38.6,Public,Scenic falls located in an old quarry adjacent to William Paterson University.,Trimble rangefinder,9/6/2017 12:00:00 AM,Falls Brook,577186,771527,10176cd2-4eed-4a10-b00b-6b8d1a3b25b3,577186.000002176,771527.000148438
14,33,Buttermilk Falls,,Walpack Twp.,Sussex,Multi-step waterfall,Cascade,130,30,Public,The third tallest waterfall in NJ.,Trimble rangefinder,7/26/2017 12:00:00 AM,Flat Brook Tributary,384958.815,839348.272,abf6cbe5-b13d-44bd-bb1d-a18d49eea72d,384958.814903509,839348.271985941
15,34,Buttermilk Falls,,Mendham Twp.,Morris,Cascade, ,14.4,8.29,Public,"Located in India Brook Park, Mendham Twp.",Trimble rangefinder,5/2/2018 12:00:00 AM,India Brook,458456.127,716162.117,66a9c017-020d-444e-8661-04aa22b365dc,458456.126898091,716162.117112026
16,35,Buttermilk Falls,,Bridgewater Twp.,Somerset,Horsetail, ,27.2,27.2,Public,Located in Washington Valley Park. At the end of the East Branch Reservoir.,Trimble rangefinder,3/14/2019 12:00:00 AM,MacMillan Brook,476263.477,638324.458,d84d1f7c-b771-416c-9d0b-2789e92ffef6,476263.477110092,638324.45815511
17,36,Buttermilk Falls,,Mahwah Twp.,Bergen,Multi-step waterfall,Cascade,11,6,Public,"Small scenic waterfall located in the upland area in the Ramapo Valley County Reservation. More specifically, it is located in Middle Valley in the stream south of MacMillan Reservoir.",Estimate,11/14/2003 12:00:00 AM,Macmillen Brook,574855.416,818923.986,97ba1dbc-7cf1-4cc6-b60b-497d6d710bec,574855.416080676,818923.986062944
18,37,Camp Wyanokie Waterfall,,West Milford Twp.,Passaic,Cascade, ,13.2,13.2,Public,"These falls are in a small ravine, four tenths of a mile hike from a Boy Scout Lake and picnic area.",Trimble rangefinder,11/1/2018 12:00:00 AM,West Brook Tributary,534778,818290,8f2345c8-ddd1-40cd-a42e-c21531e9ed14,534777.999844592,818290.00012619
19,38,Cataract Falls,The Cataract,Washington Twp.,Morris,Cataract,Cascade,51.5,44.3,Public,The top section of the falls is very tall. Located in Cataract Park on Schooley's Mountain. Trail to reach falls is off of Schooley's Mountain Rd.,Trimble rangefinder,3/20/2019 12:00:00 AM,Schooleys Mountain Brook Tributary,405452.434,721653.824,b5134987-cf98-44b7-9caf-f60ddc7b239a,405452.434021175,721653.82397636
20,39,Chikahoki Falls,,Bloomingdale Borough,Passaic,Fantail,Cascade,19.4,17.4,Public,Located in Norvin Green State Forest.,Trimble rangefinder,4/10/2019 12:00:00 AM,Posts Brook,538259.545,805369.837,c85dbba0-4d06-4a79-a322-3d4ccac6508c,538259.545046844,805369.836990193
21,40,Clinton Falls  2,,West Milford Twp.,Passaic,Cascade,Horsetail,12.85,10.4,Public,"The falls is located downstream of the the main falls on Clinton Road, about one mile north of N.J. Route 23, on lands of Newark Watershed. Permission must be gained to hike in the area.",Trimble rangefinder,3/14/2019 12:00:00 AM,Clinton Brook,506004.751,815022.34,be984ba8-7af1-4aec-9e75-16099662652e,506004.75096076,815022.339994855
22,41,Clinton Falls (High Falls),"High Falls, Janetta Falls",West Milford Twp.,Passaic,Plunge,Chute,20,20,Public,"The falls is located under a stone bridge on Clinton Road, about one mile north of N.J. Route 23, on lands of Newark Watershed. Permission must be gained to hike in the area.",Trimble rangefinder,3/14/2019 12:00:00 AM,Clinton Brook,505897.479,815432.175,4abf0189-12ea-4801-ac03-3278091f1ee2,505897.478865594,815432.175133191
23,42,Clinton Falls 3,,West Milford Twp.,Passaic,Chute, ,18.77,14.8,Public,"The falls is located below the High Falls on Clinton Road, about one mile north of N.J. Route 23, on lands of the Newark Watershed. Permission must be gained to hike in the area.",Trimble rangefinder,3/14/2019 12:00:00 AM,Clinton Brook,506040.83,814967.205,fb3c034a-55d9-47f7-b132-fd9e0d97588f,506040.829956844,814967.204934523
24,43,Coopers Glen Falls (Glen Cove),Glen Cove,Wantage Twp.,Sussex,Multi-step waterfall,Horsetail,30,15,Private,"A large multi-step waterfall in a steep ravine where Clove Brook plunges over two rough ledges. The falls is about one mile south of Coleville, on private lands closed to trespassers.",Trimble rangefinder,3/25/2021 12:00:00 AM,Clove Brook,453316.128,885452.084,6590c363-c0be-4654-bf5e-5e0c9bfda97a,453316.127991758,885452.08397761
25,114,Coopers Glen Falls Upper,,Wantage Twp.,Sussex,Cascade, ,7,7,Private,"A small waterfall near a steep embankment along Rt. 23 south. The falls is about one mile south of Coleville, on private lands closed to trespassers.",Trimble rangefinder,3/25/2021 12:00:00 AM,Clove Brook,453143.999,885734.881,8506d444-c3c4-44c0-abf8-a942b3631cb7,453143.999070928,885734.880984187
26,44,Coopers Glen Falls (Side Falls),,Wantage Twp.,Sussex,Cascade, ,23.7,23.7,Private,"After a rain and in the spring, a small cascade tumbles from the side of the Coopers Glen. The falls is about one mile south of Coleville, on private lands closed to trespassers.",Trimble rangefinder,3/25/2021 12:00:00 AM,Clove Brook,453275.315,885419.299,c12a44dc-0624-45d0-8a46-750279a119e7,453275.315081261,885419.298938192
27,113,Coppermine Brook Falls Lower,,Hardwick Twp.,Warren,Cascade, ,39,13.2,Public,A series of cascades on the lower end of Copper Mine brook.,Trimble rangefinder,5/2/2018 12:00:00 AM,Coppermine Brook,347110.331,802495.464,4b98d949-4e77-422e-9a5a-276fa3a7f1d3,347110.330889344,802495.464130022
28,112,Coppermine Brook Falls Upper,,Hardwick Twp.,Warren,Cascade, ,11,11,Public,Nice small scenic falls on the Copper Mine trail on Copper Mine Brook about a half mile up Kittattiny Mountain from Old Mine Road.,Trimble rangefinder,10/25/2023 12:00:00 AM,Coppermine Brook,347931.62,800727.281,0d8c6683-dc44-46a2-ad76-99d30b4310be,347931.619929176,800727.280986607
29,87,Devils Hole Falls,,Cedar Grove,Essex,Cascade, ,9.34,9.34,Public,Beautiful falls in a small ravine near Little Falls Road.,Trimble rangefinder,11/24/2023 12:00:00 AM,Peckman Creek,567390.946,736698.468,1144a15c-e37a-4171-8608-e030f14d1eb5,567390.946101509,736698.468099609
30,45,Dismal Brook Cascade,,Mendham Twp.,Morris,Cascade, ,7,7,Public,Small picturesque cascade located on Dismal Brook in the Dismal Harmony Natural Area.,Estimate,6/21/2020 12:00:00 AM,Dismal Brook,473633.656,718272.987,da13eb71-3592-40dc-aec5-afea93af28b3,473633.655926175,718272.986906022
31,88,Dunnfield Creek Falls,,Hardwick Twp.,Warren,Cascade, ,17.4,17.4,Public,Located on Dunnfield Creek just off the Appalachian Trail.,Trimble rangefinder,8/2/2018 12:00:00 AM,Dunnfield Creek,320776.59,781483.44,c67d2235-7cba-4d28-a608-1e95024a2640,320776.589921758,781483.439881191
32,46,Dunnfield Creek Natural Area Unnamed Waterfall 1,,Hardwick Twp.,Warren,Cascade, ,6,6,Public,Small rill of a falls adjacent to the parking lot. The thinnest waterfall surveyed.,Estimate,10/30/2019 12:00:00 AM,Delaware River Tributary,320160,779582,63032ec2-785c-440a-a799-33ca30c7b1ab,320159.999947593,779582.000114523
33,47,Dunnfield Creek Natural Area Unnamed Waterfall 2,,Hardwick Twp.,Warren,Cascade, ,15.2,15.2,Public,Small falls next to Dunnfield Creek trail parking area.,Trimble rangefinder,6/4/2019 12:00:00 AM,Delaware River Tributary,320122.584,779598.939,d1194241-ba71-469b-9cc7-2c3acadb9506,320122.584011927,779598.939057022
34,48,Dunnfield Creek Natural Area Unnamed Waterfall 3,,Hardwick Twp.,Warren,Cascade, ,6,6,Public,Small cascade with unknown name at the junction of Appalachian Trail and Dunnfield Trail.,Estimate,10/30/2019 12:00:00 AM,Dunnfield Creek,319193,780411,6a7b3e16-6ef3-403b-a85a-50c9c0fdf951,319192.999913093,780411.00009694
35,49,Dunnfield Creek Natural Area Unnamed Waterfall 4,,Hardwick Twp.,Warren,Cascade, ,6,6,Public,Small cascade with unknown name at the junction of Appalachian Trail and Dunnfield Trail.,Estimate,10/30/2019 12:00:00 AM,Dunnfield Creek,319359,780510,66367620-18ba-47b3-b527-6206768896d9,319358.999909177,780509.99989894
36,26,Dunnfield Creek Natural Area Unnamed Waterfall 5,,Hardwick Twp.,Warren,Cascade, ,6,6,Public,Small cascade with unknown name at the junction of Appalachian Trail and Dunnfield Trail.,Estimate,10/30/2019 12:00:00 AM,Dunnfield Creek,319734,780674,f90920c3-ac23-4c5d-a4a2-8ec23365c50c,319734.000143427,780673.999899022
37,50,Dunnfield Creek Natural Area Unnamed Waterfall 6,,Hardwick Twp.,Warren,Chute, ,7,7,Public,Small cascade with unknown name at the junction of Appalachian Trail and Dunnfield Trail.,Estimate,10/30/2019 12:00:00 AM,Dunnfield Creek,319888,780784,1f204ecc-cd81-41b1-851c-d9a09189825c,319888.00016351,780784.000007108
38,51,Dunnfield Creek Natural Area Unnamed Waterfall 7,,Hardwick Twp.,Warren,Cascade, ,7,7,Public,Small cascade with unknown name at the junction of Appalachian Trail and Dunnfield Trail.,Estimate,10/30/2019 12:00:00 AM,Dunnfield Creek,320008,780866,34c47a4b-3b8a-487a-af22-0037ae0151d7,320007.999923509,780865.999843106
39,52,Dunnfield Creek Natural Area Unnamed Waterfall 8,,Hardwick Twp.,Warren,Cascade, ,3.79,3.79,Public,Small cascade with unknown name at the junction of Appalachian Trail and Dunnfield Trail.,Estimate,10/30/2019 12:00:00 AM,Dunnfield Creek,320063,780956,b61deb38-924c-4e70-b2f2-5ea02628fc4a,320063.000141591,780955.999991193
40,53,Englewood Boat Basin Falls,,Englewood Cliffs Borough,Bergen,Cascade, ,25,25,Public,Nice waterfall along the Palisades.,Trimble rangefinder,10/26/2017 12:00:00 AM,Hudson River Tributary,644762.055,745038.351,fa920993-05dd-4db1-8601-630cbfe95026,644762.05513851,745038.35102611
41,81,Flat Brook Tributary Unnamed Waterfall 1,,Walpack Twp.,Sussex,Cascade, ,4,4,Public,"Small waterfall on west side of Kittattinny Mountain, mapped from Trout Unlimited map. Not visited. Actual height unknown.",Estimate,6/7/2023 12:00:00 AM,Flat Brook Tributary,378687.258,834417.117,7ce0915c-d632-4323-8391-5080e67a4a81,378687.257892843,834417.117150106
42,82,Flat Brook Tributary Unnamed Waterfall 2,,Walpack Twp.,Sussex,Cascade, ,4,4,Public,"Small waterfall on west side of Kittattinny Mountain, mapped from Trout Unlimited map. Not visited. Actual height unknown.",Estimate,6/7/2023 12:00:00 AM,Flat Brook Tributary,379009.76,833615.747,a1305b00-4074-43b8-ada5-89844aee7e09,379009.759872511,833615.747033693
43,83,Flat Brook Tributary Unnamed Waterfall 3,,Walpack Twp.,Sussex,Cascade, ,4,4,Public,"Small waterfall on west side of Kittattinny Mountain, mapped from Trout Unlimited map. Not visited. Actual height unknown.",Estimate,6/7/2023 12:00:00 AM,Flat Brook Tributary,379689.652,832340.396,e1f806eb-dd3f-41a9-8256-262dc999381e,379689.651885428,832340.395909861
44,84,Flat Brook Tributary Unnamed Waterfall 4,,Walpack Twp.,Sussex,Cascade, ,4,4,Public,"Small waterfall on west side of Kittattinny Mountain, mapped from Trout Unlimited map. Not visited. Actual height unknown.",Estimate,6/7/2023 12:00:00 AM,Flat Brook Tributary,379429.991,832653.125,036f3b4e-cf7b-4c9f-a1a3-1af1750a0445,379429.990987428,832653.124943189
45,85,Great Falls of the Passaic,"Totowa Falls, Great Falls",Paterson,Passaic,Block Waterfall,,77,77,Public,"Small waterfall on west side of Kittattinny Mountain, mapped from Trout Unlimited map. Not visited. Actual height unknown.",Literature search,8/5/2017 12:00:00 AM,Passaic River,580237.919,758669.41,4b355710-705f-4eaf-bbff-6343e3cb0afe,580237.919095177,758669.410050027
46,89,Greenbrook Falls,,Alpine Borough,Bergen,Plunge,Cascade,250,85,Public,"The estimated 250-foot Greenbrook Falls is New Jersey's highest falls. It has at least three large cascades with one being the tallest drop in NJ. GPS location is from top.  Bridge location is N-760502.744, E-650209.184. Along Henry Hudson Drive.",Literature search,5/3/2018 12:00:00 AM,Green Brook,650098.647,760552.154,30d91fd4-9799-4f6b-ba34-31e2cfe94b47,650098.647155594,760552.153987944
47,104,Hacklebarney State Park Unnamed Waterfall 1,,Chester Twp.,Morris,Cascade, ,8.73,8.73,Public,Small falls on a Lamington River Tributary off of the Haki Trail.,Trimble rangefinder,8/24/2023 12:00:00 AM,Trout Brook,429614.871,697462.803,9020d82a-578a-41af-b4d9-63a81fb96894,429614.870932426,697462.803132772
48,54,Hacklebarney State Park Unnamed Waterfall 2,,Chester Twp.,Morris,Cascade, ,6.97,5.04,Public,Two nice two tiered waterfall on a Lamington River Tributary just off of the Haki Trail.,Trimble rangefinder,8/24/2021 12:00:00 AM,Trout Brook,429561.134,697467.35,b8c7d72e-8ce5-419c-a7e3-471170d414ca,429561.13416326,697467.350039691
49,55,Hacklebarney State Park Unnamed Waterfall 3,,Chester Twp.,Morris,Cascade, ,4.33,4.33,Public,Impressive small falls located on the Lamington  River.,Trimble rangefinder,8/4/2021 12:00:00 AM,Lamington River,428719.141,696739,bd984809-c64a-454a-b222-b362ad1d635c,428719.141096592,696739.000118442
50,56,Hemlock Falls,,Maplewood,Essex,Cascade,,25.7,25.7,Public,Hemlock Falls in South Mountain Reservation is one of New Jersey's most visited waterfalls.,Trimble rangefinder,3/13/2020 12:00:00 AM,Rahway River Tributary,550751.253,698346.851,ed163a7e-99d1-4353-84e0-28f75476fed0,550751.253003009,698346.850905359
51,111,Hewitt Falls,Hewitt Mine Hole Falls,West Milford Twp.,Passaic,Chute, ,16.23,14,Public,Hewitt Falls is within Long Pond Ironworks State Park. It is formed where the Wanaque River funnels through a hemlock-shrouded ravine into a deep pool. Hewitt Falls powered the old Long Pond Ironworks from the late 1750s to the late 1800s.,Trimble rangefinder,2/5/2019 12:00:00 AM,Wanaque River,544352.607,842809.223,c3575b71-a07c-43f3-afa2-72593b64676c,544352.607007675,842809.223069273
52,57,Hobble Falls,Black Rock Falls,Maplewood,Essex,Cascade,,22.5,22.5,Public,Located just off South Orange Ave. A short hike from Hemlock Falls In South Mountain Reservation.,Trimble rangefinder,1/11/2018 12:00:00 AM,Rahway River Tributary,550669.619,698646.104,1d9176c9-438e-4cc2-bc6f-fe1e9764e78a,550669.618979927,698646.103915773
53,58,Indian Falls,,Mine Hill Twp.,Morris,Cascade, ,10.7,10.7,Public,One main cascade known as Indian Falls. Multiple small falls above and below Indian Falls over a 100 feet in length.,Trimble rangefinder,8/15/2017 12:00:00 AM,Jackson Brook,469492.109,744463.535,1a710527-9e04-44a7-aa6e-090f431da598,469492.109091178,744463.534918524
54,59,Kugler's Woods Falls,,Kingwood Twp.,Hunterdon,Cascade, ,19.5,19.5,Public,A short hike near the Delaware River leads up to a small waterfall. It's about a half mile roundtrip hike from Route 29.,Trimble rangefinder,3/3/2022 12:00:00 AM,Delaware River Tributary,336885.551,579874.337,190fe31a-4379-4172-abfe-70f022f42539,336885.551142093,579874.33686661
55,60,Laurel Falls Lower,,Hardwick Twp.,Sussex,Cascade,Horsetail,16,16,Public,Falls closest to Old Mine Road in Worthington State Forest.,Surveyors level,5/9/2018 12:00:00 AM,Delaware River Tributary,331535.332,794199.18,c7e2c4ee-f70f-483c-940b-86150a9ef9ed,331535.331855677,794199.179869607
56,61,Laurel Falls Middle,,Hardwick Twp.,Sussex,Multi-step waterfall, ,23.4,23.4,Public,A larger impressive cascade with two steps.,Surveyors level,5/9/2018 12:00:00 AM,Delaware River Tributary,331596.36,793991.656,9c9eab59-467e-4dbf-b16f-ec594466d702,331596.359948844,793991.656006441
57,62,Laurel Falls Upper,,Hardwick Twp.,Sussex,Cascade, ,5,5,Public,Small cascade above Laurel Falls Middle.,Surveyors level,5/9/2018 12:00:00 AM,Delaware River Tributary,331650.224,793837.042,e45126df-a599-4665-8c0f-6bc54216b90a,331650.224014342,793837.042142443
58,90,Little Falls 1,,Little Falls,Passaic,Cascade, ,12,12,Public,Most of this falls is about three feet high with the exception being a small part on the west side is about 12 feet high.,Trimble rangefinder,7/11/2019 12:00:00 AM,Passaic River Tributary,565606.084,747021.863,d203a5ab-2f77-4720-bb3b-4c035a6088ee,565606.083857592,747021.863135189
59,63,Little Falls 2,,Little Falls,Passaic,Cascade, ,2,2,Public,Downstream of the Little Falls closest to the dam is another small falls estimated to be about two feet.,Trimble rangefinder,7/11/2019 12:00:00 AM,Passaic River Tributary,566023.792,746895.822,020571ba-39b9-4a33-b06b-54773d9e92ef,566023.792011674,746895.822048694
60,64,Little Falls 3,,Little Falls,Passaic,Cascade, ,1.32,1.32,Public,Downstream of the Little Falls closest to the dam is another small falls measured to at 1.32 feet.,Trimble rangefinder,7/11/2019 12:00:00 AM,Passaic River Tributary,566151.223,746818.238,397313c7-33d4-44b7-b337-92ce91397b62,566151.222859178,746818.237886272
61,65,"Little Falls, water treatment plant",,Little Falls,Passaic,Cascade, ,24.8,24.8,Public,Water originates from water treatment plant. Not the Passaic River.,Trimble rangefinder,7/11/2019 12:00:00 AM,Passaic River Tributary,566564.417,746896.169,709f9b1b-9033-4f13-8f9d-82ee369317a2,566564.416914675,746896.169160858
62,110,Lockatong High Falls,High Falls,Kingwood Twp.,Hunterdon,Cascade, ,12.5,12.5,Public,A hidden gem of a waterfall located on Lockatong Creek in the Lockatong Wildlife management area.,Trimble rangefinder,8/6/2019 12:00:00 AM,Lockatong Creek,346551.88,585229.609,8a93a9aa-641c-4e97-8d37-e38448ddfafc,346551.879906509,585229.608964443
63,91,Lost Brook Falls,,Tenafly Borough,Bergen,Cascade, ,200,75,Public,Second largest falls in New Jersey. It cascades off the Palisades cliff and is fed by Lost Brook. Multiple cascades. Height measured from LiDAR and topographic map.,Estimate,5/3/2018 12:00:00 AM,Lost Brook,648938.79,757636.782,35416096-aee8-4e94-914e-e6fdba7f9f88,648938.789895259,757636.781865939
64,66,Manunka Chunk Falls,,White Twp.,Warren,Cascade, ,18,18,Public,Small waterfall on Manunka Chunk Mountain.,Estimate,7/24/2024 12:00:00 AM,Beaver Brook,341580,739457.89,9636611b-40a3-4317-a4c9-a33b63d926a9,341580.000086509,739457.890074193
65,67,Maple Falls,,Millburn,Essex,Cascade,,29.5,29.5,Public,Located in the South Mountain Reservation north of the Millburn train station. About a half mile hike.,Trimble rangefinder,1/11/2018 12:00:00 AM,Maple Brook,547114.675,691896.61,98af23de-af8c-44f8-bf99-80f3ca463cda,547114.674974341,691896.609868854
66,68,North Valhalla Brook Falls,,Montville Twp.,Morris,Cascade, ,13.3,13.3,Public,Scenic waterfalls located in the Pyramid Mountain Natural Historic Area.,Estimate,8/19/2021 12:00:00 AM,North Valhalla Brook,528615.263,769628.888,3c084360-2509-4abd-8b93-3e421c007eeb,528615.263154343,769628.888131022
67,92,Old Mine Road Unnamed Waterfall  1,,Hardwick Twp.,Sussex,Cascade,Multi-step waterfall,60.9,17.7,Public,Located along Old Mine Road. A multi-tiered stair stepped falls with the largest cascade being at the top. Ephemeral stream.,Trimble rangefinder,3/28/2019 12:00:00 AM,Delaware River Tributary,326967.038,791392.512,4e30cb4e-95de-4dc2-bef6-ae534a07c472,326967.037842676,791392.511926524
68,69,Old Mine Road Unnamed Waterfall  2,,Hardwick Twp.,Warren,Cascade, ,9.93,9.93,Public,Small seasonal unnamed falls along Old Mine Road. Set back 100 feet from the road. A few very small falls are just above this one. Ephemeral Stream.,Trimble rangefinder,3/28/2019 12:00:00 AM,Delaware River Tributary,344867.373,801519.209,e0e20d60-a033-4ea0-a891-8486114891b1,344867.373104926,801519.208864689
69,93,Old Mine Road Unnamed Waterfall  3,,Hardwick Twp.,Sussex,Cascade, ,12,12,Public,Waterfall located off of old mine road about 200 feet off the road.  Another smaller cascade was just above.,Trimble rangefinder,3/28/2019 12:00:00 AM,Delaware River Tributary,342005.189,799741.406,18625433-4f42-4d27-89db-6259c4cce1e2,342005.188868675,799741.405989856
70,105,Old Mine Road Unnamed Waterfall  4,,Hardwick Twp.,Sussex,Cascade,Multi-step waterfall,12,12,Public,Small cascade located off of Old Mine Road about 50 feet above a larger waterfall.,Trimble rangefinder,3/28/2018 12:00:00 AM,Delaware River Tributary,327009.811,791339.839,ad8cd638-4344-458d-89f0-a3f9305ee96d,327009.811051093,791339.839131609
71,70,Otter Hole Falls,,Bloomingdale Borough,Passaic,Cascade,Multi-step waterfall,15.7,11.6,Public,Located in Norvin Green State Forest. One larger cascade and two smaller cascades over 50 feet make up the Otter Hole Falls.  A short walk from the parking area.,Trimble rangefinder,12/1/2018 12:00:00 AM,Posts Brook,533568.21,806208.108,2c31ac3d-bcce-45d5-b049-92496b009f10,533568.209941342,806208.10795144
72,71,Posts Brook Falls 1,,Bloomingdale Borough,Passaic,Cascade, ,5,5,Public,Located in Norvin Green State Forest. An unnamed falls below Otter Hole on Post Creek.,Estimate,11/1/2018 12:00:00 AM,Posts Brook,533766.864,805934.2555,ab1586ce-5d7c-4c42-ad5e-124316f67b47,533766.864071593,805934.255480774
73,72,Posts Brook Falls 2,,Bloomingdale Borough,Passaic,Cascade, ,11.9,11.9,Public,Located in Norvin Green State Forest. An unnamed falls below Otter Hole on Post Creek. No trail directly to the falls.  A short climb down a steep incline over boulders. Approximate location.,Estimate,11/1/2018 12:00:00 AM,Posts Brook,534337.018,805741.756,438be74c-4699-47e6-b723-e62a7e923965,534337.01811501,805741.755865775
74,73,Potters Falls,,Washington Twp.,Morris,Chute, ,8.26,8.26,Public,"Located at the edge of Hacklebarney State Park Also known as Allamatona Falls, Allimatona Falls, Lamington Falls, Black River Falls, Potter's Falls.",Trimble rangefinder,12/24/2023 12:00:00 AM,Lamington River,429595.47,687095.302,712742ea-497a-4cbf-840a-a7720ec5f009,429595.470052592,687095.301886193
75,107,Ramapo (Buttercup) Falls,Butttercup Falls,Mahwah Twp.,Bergen,Cascade, ,21.6,21.6,Public,Falls located in Ramapo Valley County Reservation. Some smaller cascades are above Buttercup Falls. The hike to the falls is approximately a half mile walk from the parking area.,Trimble rangefinder,4/24/2019 12:00:00 AM,Macmillen Brook,575639.895,818405.967,0a2e8fd3-3188-43cb-8577-0d2fb3c3b6ca,575639.895154759,818405.967085861
76,74,Rinehart Brook Falls Lower,,Chester Twp.,Morris,Cascade, ,3.71,3.71,Public,Small falls on Rinehart Brook.,Trimble rangefinder,7/30/2019 12:00:00 AM,Rinehart Brook,427924.405,696095.976,99cf32d7-1716-44e6-8e08-84c04d35803a,427924.40515326,696095.976142026
77,75,Rinehart Brook Falls Upper,,Chester Twp.,Morris,Cascade, ,4.24,4.24,Public,Small falls on Rinehart Brook.,Trimble rangefinder,7/30/2019 12:00:00 AM,Rinehart Brook,427807.844,696120.142,e2e6176e-c3b0-4b55-91bb-847488e55598,427807.844034676,696120.142104194
78,76,Roaring Brook Falls,,Rockleigh Borough,Bergen,Cascade, ,4.95,4.95,Public,Nice small falls located in the Rockleigh Woods Sanctuary.,Estimate,3/11/2022 12:00:00 AM,Roaring Brook,651182.058,789486.344,8bbac895-c024-493a-96b2-c97fe0eb0eba,651182.058046509,789486.344150938
79,77,Roaring Brook Falls  2,,Alpine Borough,Bergen,Cascade, ,4.46,4.46,Public,Small falls located in Lamont Preserve.,Trimble rangefinder,3/11/2022 12:00:00 AM,Roaring Brook,651329,789321,d4174bbf-6b4d-47eb-9e66-1b489d42b60b,651329.000009842,789320.999993443
80,78,Roaring Brook Falls  3,,Alpine Borough,Bergen,Cascade, ,7,7,Public,Small falls located in Lamont Preserve.,Trimble rangefinder,3/11/2022 12:00:00 AM,Roaring Brook,652330,789319,03d7da3f-0868-41da-87d0-37678dce9d69,652015.439909928,789246.269171774
81,79,Roaring Brook Falls  4,,Alpine Borough,Bergen,Cascade,Multi-step waterfall,8,6,Public,Small falls located in Lamont Preserve.,Trimble rangefinder,3/11/2022 12:00:00 AM,Roaring Brook,651549,789284,35ba7adb-2369-4c75-b351-2ecd1212c434,651548.999897927,789284.000067443
82,1,Roaring Brook Falls  5,,Alpine Borough,Bergen,Cascade,Multi-step waterfall,9,6,Public,Small falls located in Lamont Preserve.,Trimble rangefinder,3/11/2022 12:00:00 AM,Roaring Brook,651898,789369,cd127e1d-d8bc-43dc-b2c7-8657622416d4,651897.999856092,789368.999897443
83,2,Roaring Brook Falls  6,,Alpine Borough,Bergen,Cascade, ,8,8,Public,Small falls located in Lamont Preserve.,Trimble rangefinder,3/11/2022 12:00:00 AM,Roaring Brook,652202,789189,13c7561f-1f94-47b7-ab06-e38cb3f7d4ec,652201.99990426,789188.999929361
84,3,Roaring Brook Falls  7,,Alpine Borough,Bergen,Cascade, ,6,6,Public,Small falls located in Lamont Preserve.,Trimble rangefinder,3/11/2022 12:00:00 AM,Roaring Brook,652262,789191,a3191f5a-ac84-4b69-a7f5-f58e1c4b6253,652240.180930261,789125.542379111
85,4,Rutherford Falls Lower,,Wantage Twp.,Sussex,Cascade, ,15,15,Public,Located in High Point State Park.,Estimate,5/30/2023 12:00:00 AM,Clove Brook Tributary,446708.514,892614.819,73b89e4a-116a-4ccd-9da9-4d25db2954fb,446708.513910428,892614.818995938
86,5,Rutherford Falls Upper,,Wantage Twp.,Sussex,Cascade, ,35,35,Public,Located in High Point State Park.,Estimate,5/30/2023 12:00:00 AM,Clove Brook Tributary,446650.099,892620.707,edb18dc0-108a-4afb-bcc4-bae843d0e898,446650.099001009,892620.707107522
87,6,Schooley's Falls,Strykers's Falls,Washington Twp.,Morris,Fantail,Cascade,23.5,23.5,Public,Schooley's Falls. Located along the Falling Waters trail in Schooleys Mountain Park.,Trimble rangefinder,3/20/2019 12:00:00 AM,Electric Brook,413994.9,714974.505,a59a1645-10cc-4439-8450-e2c2a7f6a5ca,413994.899875842,714974.504985943
88,94,Schooley's Mountain Road Unnamed Waterfall,,Washington Twp.,Morris,Cascade, ,19.1,19.1,Private,Located along Schooleys Mtn. Rd. It is visible from the road. On the left side when driving from Hackettstown to Schooleys Mountain. Its located on private property.,Trimble rangefinder,3/20/2019 12:00:00 AM,Schooleys Mountain Brook Tributary,403808.256,720139.148,c5136237-8758-463c-8dc3-0ee42a29ce33,403808.255879093,720139.147871859
89,95,Schooley's Mountain Unnamed Waterfall 1,,Washington Twp.,Morris,Cascade, ,17.4,17.4,Public,Waterfalls on Electric Brook just above Schooley's Falls. Located along the Falling Waters Trail.,Trimble rangefinder,3/20/2019 12:00:00 AM,Electric Brook,413921.162,715014.867,f2de178a-e84e-4d2e-9855-693618137156,413921.162162427,715014.867109939
90,7,Schooley's Mountain Unnamed Waterfall 2,,Washington Twp.,Morris,Cascade, ,10.6,6,Public,Small multitiered falls located where the Electric Brook generating plant was formerly located. Located along the Falling Waters Trail.,Trimble rangefinder,3/20/2019 12:00:00 AM,Electric Brook,413583.3111321,715752.4059892,38d52b92-8d59-4ca7-a356-8c123ab2d661,413583.311132092,715752.405989192
91,8,Scout Creek Falls,Musconetcong Gorge Falls,Bloomsbury,Warren,Cascade, ,60.2,13.4,Public,"A series of five small cascades in the Musconetcong Gorge. Located off of Dennis Road, Bloomsbury, NJ. Also known as Musconetcong Gorge Falls.",Trimble rangefinder,9/27/2018 12:00:00 AM,Scout Creek,317784.388,654656.141,c8d25cb1-d958-411f-8445-90a5be345bd8,317784.387900926,654656.141042858
92,9,Silver Spray Falls,Hidden Falls,Walpack Twp.,Sussex,Cataract,Plunge,46.7,46.7,Public,A hard to locate waterfall not far from Buttermilk Falls along Mountain Road.,Trimble rangefinder,6/4/2019 12:00:00 AM,Flat Brook Tributary,387953.563,840095.121,cd42afe3-55e0-4260-98a7-3f96a278066a,387953.562851008,840095.120885938
93,103,Stony Brook Falls Lower,Stepping Stone Falls,Sandyston Twp.,Sussex,Multi-step waterfall, ,17.1,5,Public,A series of seven cascades stair stepped in close proximity over about 60 feet.,Trimble rangefinder,5/15/2018 12:00:00 AM,Stony Brook,416587.126,865971.882,6af1d96b-2260-4101-807b-2eaa285fa7f5,416587.125990592,865971.882124439
94,102,Stony Brook Falls Upper,,Sandyston Twp.,Sussex,Cascade,Fantail,11.5,11.5,Public,A small waterfall on Stony Brook near the Kittle Field parking lot.,Trimble rangefinder,5/15/2018 12:00:00 AM,Stony Brook,416700.66,864489.89,34ac281e-27f3-41bb-9656-8098dc24b179,416700.659884259,864489.890009694
95,101,Stony Brook Unnamed Waterfall,,Sandyston Twp.,Sussex,Cascade, ,11.5,11.5,Public,Single cascade on Stony Brook. There are a few smaller two foot cascades just above this cascade.,Surveyors level,5/15/2018 12:00:00 AM,Stony Brook,416920.653,864012.737,fdff1e34-899f-452e-9e04-8799a675c501,416920.652882591,864012.737092607
96,10,Tea Cup Falls,,Walpack Twp.,Sussex,Chute,Cascade,18,18,Public,The Tea Cup is a picturesque chute falls. The largest of the Tillman Ravine Falls.,Trimble rangefinder,7/26/2017 12:00:00 AM,Tillman Brook,392427.746,846151.75,c27cc466-3b1d-4a3c-ad81-e99839c034ac,392427.746159844,846151.749848776
97,11,Three Blocks Falls,Buttermilk Falls,Wayne,Passaic,Multi-step waterfall,Cascade,13.6,13.6,Public,A small but scenic falls with unique geology.,Trimble rangefinder,4/10/2019 12:00:00 AM,Molly Ann Brook Tributary,573129.722,780845.376,d8228bcd-421d-4878-aba3-f5175aa1c39f,573129.72202551,780845.375868611
98,12,Tillman Falls Lower,,Walpack Twp.,Sussex,Cascade, ,16.8,16.8,Public,Moderate waterfall just below Tea Cup Falls in Tillmans Ravine.,Trimble rangefinder,3/15/2021 12:00:00 AM,Tillman Brook,392231.821,846050.75,60798651-ef8b-4fdb-9d3c-d2ae00bd43df,392231.821026761,846050.750050776
99,13,Tillman Falls Upper,,Walpack Twp.,Sussex,Cascade, ,6.8,3.4,Public,Small waterfall in Tillmans Ravine.,Trimble rangefinder,7/26/2017 12:00:00 AM,Tillman Brook,393462.302,846697.284,db01ccc5-0361-464d-b85a-3038f5efd6ef,393462.302161593,846697.283862688
100,14,Tinton Falls,Falls of the Shrewsbury,Tinton Falls Borough,Monmouth,Cascade, ,8.66,6.76,Public,A nice cascade in the coastal plain of New Jersey.,Trimble rangefinder,4/12/2018 12:00:00 AM,Pine Brook,603526.929,536160.787,4ad38e44-8d13-4ca2-a494-461ee1076880,603526.928947508,536160.787154771
101,15,Trenton Falls,Falls of the Delaware,Trenton,Mercer,Cascade, ,1,1,Public,GPS location taken from PA side of Delaware. No access on the Jersey side along Rt. 29.,Literature search,7/12/2017 12:00:00 AM,Delaware River,415866.814,503398.555,21f19c70-318e-45b7-9dea-cc6fef0474e9,415866.814111009,503398.555107191
102,16,Trout Brook Falls,,Chester Twp.,Morris,Cascade, ,19.3,15.1,Public,Located in Hacklebarney State Park. Height measurement taken with surveyors level.,Surveyors level,8/15/2017 12:00:00 AM,Trout Brook,429042,697942,8bc29747-449d-49b9-b091-e019cd7b557e,429042.000030927,697942.000009023
103,17,Tumble Falls 1,,Kingwood Twp.,Hunterdon,Cascade, ,37.4,25.9,Public,Located along Tumble Falls Road.,Trimble rangefinder,9/13/2017 12:00:00 AM,Delaware River Tributary,334545.068,589814.436,356d71b9-b63d-4354-a807-f95d64bc93bb,334545.067962177,589814.436080858
104,18,Tumble Falls 2,,Kingwood Twp.,Hunterdon,Cascade, ,25.2,13.5,Public,Located along Rt. 29.,Trimble rangefinder,9/13/2017 12:00:00 AM,Delaware River Tributary,335071.949,587607.589,1a7bf67d-be0d-4915-a5ee-36d9734d4839,335071.949126258,587607.589116611
105,19,Tumble Falls 3,,Kingwood Twp.,Hunterdon,Cascade, ,30,30,Private,Located along Rt. 29. Located 200 feet back from the highway on private property. Viewable from Rt. 29 when leaves are off trees. Height was a visual estimate.,Estimate,9/27/2018 12:00:00 AM,Delaware River Tributary,335427.61,586611.41,646f14e8-e9c1-41f7-9301-457ea78fb173,335427.610160343,586611.410006605
106,20,Tumble Falls 4,,Kingwood Twp.,Hunterdon,Cascade, ,27,27,Public,Located along Rt. 29.,Trimble rangefinder,9/13/2017 12:00:00 AM,Delaware River Tributary,335617.806,584852.732,2d07aa30-a372-4f9f-b63c-7c00f183b50f,335617.805974174,584852.73209352
107,96,Unnamed Falls Pottersville,,Washington Twp.,Morris,Chute, ,6,6,Public,Small waterfall on the Lamington River a few hundred yards above Potters Falls.,Estimate,3/13/2020 12:00:00 AM,Lamington River,429236.924,687321.258,379c7a16-8a61-4e30-aa47-3e9297c666d3,429236.923853677,687321.25812719
108,106,Unnamed Mountain Road Waterfall  1,,Walpack Twp.,Sussex,Cascade, ,9.75,9.75,Public,Small falls a short distance just south of Buttermilk Falls.,Trimble rangefinder,8/2/2018 12:00:00 AM,Flat Brook Tributary,382586.841,837453.282,b16c50c4-e20a-4d05-9e6b-507f4df799d3,382586.840972926,837453.282009527
109,86,Unnamed Mountain Road Waterfall  2,,Walpack Twp.,Sussex,Cascade, ,15,15,Public,Small falls a short distance just south of Buttermilk Falls.,Estimate,8/2/2018 12:00:00 AM,Flat Brook Tributary,382465.568,837465.907,28d10dec-61a2-4aa9-8242-8b80109a052c,382465.567921508,837465.906984277
110,21,Unnamed Mountain Road Waterfall  3,,Walpack Twp.,Sussex,Cascade, ,20.6,20.6,Public,Unnamed waterfall in Delaware Water Gap National Recreation Area. Falls located just off the road. Slightly zig zags as it drops.,Trimble rangefinder,9/13/2017 12:00:00 AM,Flat Brook Tributary,391356.438,849209.787,350c26c3-9e72-4b6a-8a86-cbe09f3e8e7b,391356.43793501,849209.787039772
111,22,Van Campens Glen Falls,,Hardwick Twp.,Warren,Cascade,Fantail,27.3,27.3,Public,A large waterfall in Van Campens Glen.,Trimble rangefinder,6/25/2019 12:00:00 AM,Vancampens Brook,357292.756,812119.257,009711d0-cbc0-4909-92cb-37e480116909,357292.756062508,812119.256890275
112,97,Van Campens Glen Falls Lower,,Hardwick Twp.,Warren,Cascade,Punch Bowl,12.1,12.1,Public,A moderate waterfall  at the lower end of Van Campens Glen. About a quarter mile hike upstream from the lower Van Campens Glen parking entrance.,Trimble rangefinder,10/3/2019 12:00:00 AM,Vancampens Brook,355762.2,811075.5,85b0ff03-005c-47aa-a155-07e065123b28,355762.200068511,811075.500119522
113,23,Van Campens Glen Unnamed Waterfall 1,,Hardwick Twp.,Warren,Cascade, ,18,18,Public,A waterfall just above the Van Campens Glen Falls.,Trimble rangefinder,6/25/2019 12:00:00 AM,Vancampens Brook,357659.725,812440.274,52caf7fb-32ef-4e94-9570-894241cde7c9,357659.725144841,812440.273964778
114,99,Van Campens Glen Unnamed Waterfall 2,,Hardwick Twp.,Warren,Plunge, ,11,11,Public,A small waterfall a few hundred feet upstream of the Van Campens Falls.,Trimble rangefinder,6/25/2019 12:00:00 AM,Vancampens Brook,357357.892,812291.224,6add5441-80d1-4048-b009-d0d87a08b9e8,357357.892087091,812291.224066027
115,24,Wanaque River Falls,,West Milford Twp.,Passaic,Chute, ,7.15,7.15,Public,Small waterfall located on the Wanaque River about a mile east of Greenwood Lake along East Shore Road.,Trimble rangefinder,4/14/2022 12:00:00 AM,Wanaque River,542914.892,848610.479,03221fce-47bc-45f5-95fc-8bae87889a9c,542914.892035343,848610.478855193
116,98,Weldon Quarry Falls,,Hopatcong Borough,Sussex,Cascade, ,10.2,4,Private,A small cascade next to the Weldon Quarry on private property.,Trimble rangefinder,11/20/2019 12:00:00 AM,Weldon Brook Tributary,458973.64,785094.43,2d124c38-199e-4529-adbe-3d46d8e5516e,458973.639970675,785094.430034526
117,100,Wetumpka Falls,,Watchung Borough,Union,Cascade, ,20,9,Public,Located along Somers Ave. on Stony Brook across from the police station.,Trimble rangefinder,9/13/2017 12:00:00 AM,Stony Brook,506789.027,655884.18,7c7b98ee-1455-4854-b30d-6aa1c215393c,506789.026951261,655884.17992536
118,25,Wyanokie Falls,,Bloomingdale Borough,Passaic,Multi-step waterfall,Cascade,31.5,15,Public,Two tier falls located along Blue Mine Brook. In a remote area along the orange trail about 1.5 miles from a trailhead and parking area on Townsend Ave.,Trimble rangefinder,9/13/2017 12:00:00 AM,Blue Mine Brook,541848.548,812984.077,a2078aa6-ee1d-4972-8baf-b6fdc317ae6a,541848.548039425,812984.077011026
